dataset,bm25.map,bm25.ndcg,bm25.recip_rank
dbpedia.base,0.15533991591949675,0.2790820961832011,0.404304346990451
dbpedia.bt,0.3245808602150538,0.49582774193548396,0.7682511827956989
dbpedia.refiner,0.33550608602150545,0.5046416989247313,0.7912415698924732
dbpedia.original,0.22948408602150533,0.39126989247311833,0.5693066666666667
