dataset,bm25.map,bm25.ndcg,bm25.recip_rank
gov2.base,0.13369594594594597,0.27625054054054055,0.6773733783783784
gov2.bt,0.22473648648648642,0.38995405405405403,0.8477432432432435
gov2.refiner,0.22757027027027027,0.39284324324324327,0.8690567567567566
gov2.original,0.16008918918918916,0.3219939189189189,0.7319885135135137
